date,volume,open,high,low,close
105/03/01,40270614.00 ,9.10 ,9.15 ,9.01 ,9.04 
105/03/02,91553691.00 ,9.19 ,9.32 ,9.13 ,9.18 
105/03/03,92919551.00 ,9.25 ,9.44 ,9.15 ,9.19 
105/03/04,87600208.00 ,9.18 ,9.22 ,9.05 ,9.08 
105/03/07,73234301.00 ,9.15 ,9.15 ,8.95 ,8.95 
105/03/08,107437015.00 ,8.97 ,9.31 ,8.97 ,9.30 
105/03/09,86974413.00 ,9.38 ,9.38 ,9.25 ,9.30 
105/03/10,162594270.00 ,9.35 ,9.80 ,9.27 ,9.70 
105/03/11,79209559.00 ,9.69 ,9.77 ,9.62 ,9.70 
105/03/14,104803275.00 ,9.79 ,10.05 ,9.74 ,9.83 
105/03/15,147545212.00 ,9.93 ,10.05 ,9.78 ,9.78 
105/03/16,134595020.00 ,9.95 ,10.15 ,9.94 ,10.05 
105/03/17,120323582.00 ,10.15 ,10.35 ,9.86 ,9.86 
105/03/18,56933700.00 ,9.90 ,10.05 ,9.85 ,9.93 
105/03/21,29104799.00 ,9.98 ,9.99 ,9.83 ,9.95 
105/03/22,80945168.00 ,9.97 ,9.97 ,9.51 ,9.75 
105/03/23,36717507.00 ,9.64 ,9.87 ,9.64 ,9.72 
105/03/24,50186387.00 ,9.72 ,9.79 ,9.54 ,9.54 
105/03/25,23353346.00 ,9.60 ,9.63 ,9.50 ,9.55 
105/03/28,68037374.00 ,9.60 ,9.99 ,9.60 ,9.73 
105/03/29,63517097.00 ,9.73 ,9.93 ,9.60 ,9.60 
105/03/30,66604796.00 ,9.78 ,9.85 ,9.73 ,9.75 
105/03/31,53238955.00 ,9.76 ,9.81 ,9.62 ,9.67 
105/04/01,45841784.00 ,9.61 ,9.64 ,9.43 ,9.51 
105/04/06,46942356.00 ,9.37 ,9.38 ,9.20 ,9.20 
105/04/07,44222219.00 ,9.22 ,9.26 ,9.01 ,9.01 
105/04/08,133528526.00 ,9.28 ,9.80 ,9.24 ,9.71 
105/04/11,79619841.00 ,9.68 ,9.85 ,9.53 ,9.85 
105/04/12,58550012.00 ,9.93 ,9.99 ,9.69 ,9.69 
105/04/13,44376906.00 ,9.81 ,9.93 ,9.81 ,9.86 
105/04/14,52773922.00 ,9.99 ,10.10 ,9.88 ,9.88 
105/04/15,24983022.00 ,9.87 ,9.93 ,9.79 ,9.90 
105/04/18,38714455.00 ,9.90 ,10.05 ,9.85 ,9.98 
105/04/19,55025699.00 ,10.05 ,10.10 ,9.82 ,9.82 
105/04/20,37469437.00 ,9.90 ,9.90 ,9.73 ,9.81 
105/04/21,33925086.00 ,9.95 ,10.05 ,9.83 ,9.89 
105/04/22,40819294.00 ,9.93 ,9.99 ,9.81 ,9.90 
105/04/25,34572948.00 ,9.86 ,9.86 ,9.72 ,9.74 
105/04/26,45326299.00 ,9.65 ,9.74 ,9.51 ,9.52 
105/04/27,38769105.00 ,9.56 ,9.78 ,9.52 ,9.57 
105/04/28,34680539.00 ,9.69 ,9.71 ,9.42 ,9.54 
105/04/29,37441435.00 ,9.40 ,9.44 ,9.31 ,9.40 
105/05/03,70924513.00 ,9.35 ,9.35 ,9.01 ,9.02 
105/05/04,65759124.00 ,8.91 ,9.02 ,8.70 ,8.72 
105/05/05,56604709.00 ,8.71 ,8.82 ,8.57 ,8.67 
105/05/06,40652675.00 ,8.70 ,8.71 ,8.60 ,8.63 
105/05/09,51369549.00 ,8.73 ,8.98 ,8.73 ,8.81 
105/05/10,30243311.00 ,8.77 ,8.79 ,8.71 ,8.72 
105/05/11,42057084.00 ,8.78 ,8.87 ,8.58 ,8.58 
105/05/12,38348580.00 ,8.58 ,8.77 ,8.55 ,8.75 
105/05/13,40463806.00 ,8.70 ,8.70 ,8.50 ,8.58 
105/05/16,30611080.00 ,8.51 ,8.63 ,8.50 ,8.58 
105/05/17,34551039.00 ,8.58 ,8.62 ,8.51 ,8.55 
105/05/18,43763931.00 ,8.50 ,8.52 ,8.41 ,8.45 
105/05/19,39388215.00 ,8.44 ,8.53 ,8.41 ,8.41 
105/05/20,45469715.00 ,8.43 ,8.63 ,8.41 ,8.55 
105/05/23,98817465.00 ,8.63 ,9.19 ,8.62 ,9.07 
105/05/24,41896490.00 ,8.92 ,9.02 ,8.89 ,8.89 
105/05/25,35023375.00 ,9.10 ,9.11 ,8.95 ,8.96 
105/05/26,22125093.00 ,9.00 ,9.03 ,8.91 ,8.97 
105/05/27,30356940.00 ,9.04 ,9.07 ,8.97 ,9.02 
105/05/30,35390129.00 ,9.02 ,9.02 ,8.91 ,8.92 
105/05/31,49995439.00 ,8.93 ,9.10 ,8.92 ,9.06 
105/06/01,69000717.00 ,9.11 ,9.40 ,9.11 ,9.32 
105/06/02,43925815.00 ,9.33 ,9.38 ,9.14 ,9.20 
105/06/03,30868060.00 ,9.21 ,9.29 ,9.12 ,9.15 
105/06/04,8896804.00 ,9.22 ,9.25 ,9.16 ,9.19 
105/06/06,68457715.00 ,9.25 ,9.62 ,9.25 ,9.29 
105/06/07,32302436.00 ,9.40 ,9.43 ,9.26 ,9.34 
105/06/08,34576661.00 ,9.34 ,9.38 ,9.25 ,9.31 
105/06/13,38912293.00 ,9.26 ,9.32 ,9.05 ,9.05 
105/06/14,25480465.00 ,9.04 ,9.26 ,9.04 ,9.25 
105/06/15,26018078.00 ,9.24 ,9.30 ,9.12 ,9.27 
105/06/16,47906620.00 ,9.30 ,9.30 ,9.08 ,9.13 
105/06/17,56017472.00 ,9.28 ,9.39 ,9.18 ,9.19 
105/06/20,36721055.00 ,9.49 ,9.49 ,9.35 ,9.40 
105/06/21,45681428.00 ,9.46 ,9.49 ,9.32 ,9.32 
105/06/22,29596114.00 ,9.35 ,9.43 ,9.32 ,9.43 
105/06/23,34347279.00 ,9.50 ,9.50 ,9.38 ,9.42 
105/06/24,81817815.00 ,9.50 ,9.59 ,9.27 ,9.35 
105/06/27,43100369.00 ,9.26 ,9.55 ,9.26 ,9.54 
105/06/28,59534025.00 ,9.50 ,9.73 ,9.47 ,9.70 
105/06/29,230454766.00 ,10.00 ,10.35 ,9.97 ,10.25 
105/06/30,253845754.00 ,10.55 ,11.00 ,10.50 ,10.95 
105/07/01,161129647.00 ,11.35 ,11.40 ,10.85 ,11.00 
105/07/04,96694829.00 ,11.00 ,11.30 ,10.90 ,11.20 
105/07/05,77552029.00 ,11.20 ,11.40 ,11.10 ,11.25 
105/07/06,95828720.00 ,11.15 ,11.20 ,11.00 ,11.00 
105/07/07,150781444.00 ,10.90 ,11.20 ,10.80 ,10.90 
105/07/11,109147764.00 ,11.20 ,11.30 ,11.00 ,11.10 
105/07/12,67826797.00 ,11.10 ,11.15 ,10.80 ,10.90 
105/07/13,112677766.00 ,11.00 ,11.30 ,10.85 ,11.30 
105/07/14,63050601.00 ,11.25 ,11.40 ,11.10 ,11.15 
105/07/15,56752747.00 ,11.20 ,11.35 ,11.15 ,11.25 
105/07/18,119031201.00 ,11.40 ,11.85 ,11.40 ,11.75 
105/07/19,212565423.00 ,12.00 ,12.25 ,11.75 ,12.25 
105/07/20,100409457.00 ,12.30 ,12.35 ,12.10 ,12.25 
105/07/21,232732041.00 ,12.50 ,13.20 ,12.50 ,12.75 
105/07/22,122082105.00 ,12.85 ,12.85 ,12.35 ,12.60 
105/07/25,123395255.00 ,12.70 ,12.80 ,12.05 ,12.30 
105/07/26,114027218.00 ,12.30 ,12.55 ,12.20 ,12.45 
105/07/27,178522042.00 ,12.55 ,13.00 ,12.45 ,12.65 
105/07/28,203055684.00 ,13.30 ,13.35 ,12.85 ,12.90 
105/07/29,102096672.00 ,13.00 ,13.05 ,12.75 ,12.95 
105/08/01,61452307.00 ,13.05 ,13.10 ,12.80 ,12.90 
105/08/02,59641353.00 ,12.95 ,13.05 ,12.90 ,13.05 
105/08/03,90530430.00 ,13.00 ,13.15 ,12.85 ,13.05 
105/08/04,45809465.00 ,13.10 ,13.15 ,12.90 ,13.00 
105/08/05,138907895.00 ,13.10 ,13.45 ,13.00 ,13.35 
105/08/08,99890486.00 ,13.65 ,13.75 ,13.55 ,13.60 
105/08/09,67895389.00 ,13.60 ,13.60 ,13.25 ,13.35 
105/08/10,87327203.00 ,13.30 ,13.30 ,12.80 ,13.00 
105/08/11,117753113.00 ,12.95 ,12.95 ,12.50 ,12.70 
105/08/12,52485658.00 ,12.80 ,12.85 ,12.55 ,12.70 
105/08/15,113899853.00 ,12.70 ,12.70 ,12.15 ,12.15 
105/08/16,105173553.00 ,12.10 ,12.45 ,12.10 ,12.45 
105/08/17,69216032.00 ,12.50 ,12.65 ,12.15 ,12.30 
105/08/18,48530189.00 ,12.30 ,12.30 ,12.10 ,12.25 
105/08/19,129976076.00 ,12.50 ,12.95 ,12.50 ,12.70 
105/08/22,78511698.00 ,12.85 ,12.90 ,12.55 ,12.70 
105/08/23,63026719.00 ,12.65 ,12.80 ,12.50 ,12.60 
105/08/24,67080429.00 ,12.70 ,12.75 ,12.30 ,12.40 
105/08/25,122774868.00 ,12.55 ,12.95 ,12.50 ,12.95 
105/08/26,45825926.00 ,12.95 ,12.95 ,12.80 ,12.85 
105/08/29,54589205.00 ,12.75 ,12.80 ,12.35 ,12.55 
105/08/30,42059596.00 ,12.70 ,12.85 ,12.60 ,12.85 
105/08/31,85211205.00 ,12.80 ,12.80 ,12.40 ,12.50 
105/09/01,75717013.00 ,12.30 ,12.35 ,12.10 ,12.10 
105/09/02,108490469.00 ,12.15 ,12.15 ,11.55 ,11.75 
105/09/05,88303922.00 ,11.95 ,12.25 ,11.90 ,12.20 
105/09/06,34242448.00 ,12.15 ,12.25 ,12.05 ,12.25 
105/09/07,30835870.00 ,12.20 ,12.25 ,12.10 ,12.10 
105/09/08,45367888.00 ,12.05 ,12.15 ,11.95 ,12.00 
105/09/09,56350705.00 ,11.80 ,11.90 ,11.70 ,11.75 
105/09/10,66171121.00 ,11.35 ,11.35 ,11.15 ,11.30 
105/09/12,72047106.00 ,11.25 ,11.55 ,11.25 ,11.25 
105/09/13,108011834.00 ,11.60 ,11.75 ,11.30 ,11.40 
105/09/14,79599026.00 ,11.40 ,11.45 ,11.15 ,11.15 
105/09/19,57137394.00 ,11.30 ,11.45 ,11.20 ,11.35 
105/09/20,93904729.00 ,11.35 ,11.80 ,11.35 ,11.65 
105/09/21,136664514.00 ,11.90 ,12.10 ,11.80 ,11.90 
105/09/22,47602511.00 ,12.00 ,12.05 ,11.65 ,11.65 
105/09/23,33682056.00 ,11.70 ,11.90 ,11.65 ,11.85 
105/09/26,34645336.00 ,11.75 ,11.80 ,11.60 ,11.60 
105/09/29,48214773.00 ,11.75 ,11.80 ,11.50 ,11.55 
105/09/30,33776389.00 ,11.50 ,11.55 ,11.40 ,11.50 
105/10/03,150306028.00 ,11.65 ,12.20 ,11.60 ,12.15 
105/10/04,66868603.00 ,12.05 ,12.15 ,12.00 ,12.15 
105/10/05,47137442.00 ,12.10 ,12.30 ,12.00 ,12.25 
105/10/06,53991671.00 ,12.40 ,12.45 ,12.25 ,12.30 
105/10/07,50747418.00 ,12.30 ,12.30 ,12.00 ,12.00 
105/10/11,80505514.00 ,12.15 ,12.20 ,11.55 ,11.65 
105/10/12,58608298.00 ,11.60 ,11.80 ,11.45 ,11.70 
105/10/13,52724080.00 ,11.75 ,11.80 ,11.60 ,11.80 
105/10/14,48833703.00 ,11.80 ,11.80 ,11.55 ,11.60 
105/10/17,39065281.00 ,11.60 ,11.70 ,11.50 ,11.60 
105/10/18,32696115.00 ,11.70 ,11.75 ,11.60 ,11.75 
105/10/19,58835365.00 ,11.75 ,12.05 ,11.75 ,11.95 
105/10/20,35259160.00 ,12.00 ,12.05 ,11.90 ,12.00 
105/10/21,169886545.00 ,12.10 ,12.60 ,12.10 ,12.45 
105/10/24,112207357.00 ,12.65 ,12.90 ,12.65 ,12.80 
105/10/25,123853814.00 ,13.00 ,13.15 ,12.90 ,13.00 
105/10/26,54921152.00 ,12.90 ,13.10 ,12.90 ,13.10 
105/10/27,74424899.00 ,13.20 ,13.25 ,12.80 ,12.85 
105/10/28,141955248.00 ,12.95 ,12.95 ,12.35 ,12.35 
105/10/31,124227843.00 ,12.20 ,12.25 ,11.95 ,12.00 
105/11/01,65898509.00 ,12.10 ,12.35 ,12.05 ,12.25 
105/11/02,59167960.00 ,12.05 ,12.20 ,12.00 ,12.10 
105/11/03,49221597.00 ,12.00 ,12.20 ,11.95 ,11.95 
105/11/04,51469424.00 ,12.00 ,12.15 ,11.90 ,12.00 
105/11/07,34187407.00 ,12.05 ,12.15 ,11.95 ,12.00 
105/11/08,49097687.00 ,12.20 ,12.35 ,12.15 ,12.25 
105/11/09,116508410.00 ,12.25 ,12.30 ,11.50 ,11.50 
105/11/10,71864591.00 ,11.85 ,12.10 ,11.80 ,11.80 
105/11/11,70828768.00 ,11.55 ,11.60 ,11.35 ,11.45 
105/11/14,41513754.00 ,11.35 ,11.45 ,11.25 ,11.35 
105/11/15,60034820.00 ,11.35 ,11.60 ,11.35 ,11.40 
105/11/16,46304511.00 ,11.60 ,11.65 ,11.40 ,11.40 
105/11/17,61740508.00 ,11.50 ,11.70 ,11.45 ,11.65 
105/11/18,44332237.00 ,11.65 ,11.75 ,11.50 ,11.65 
105/11/21,50043801.00 ,11.65 ,11.85 ,11.65 ,11.75 
105/11/22,53094502.00 ,11.75 ,11.85 ,11.65 ,11.75 
105/11/23,30165788.00 ,11.75 ,11.85 ,11.65 ,11.65 
105/11/24,28764552.00 ,11.65 ,11.70 ,11.50 ,11.55 
105/11/25,20741751.00 ,11.55 ,11.65 ,11.50 ,11.65 
105/11/28,33310887.00 ,11.70 ,11.70 ,11.50 ,11.50 
105/11/29,32345810.00 ,11.50 ,11.65 ,11.45 ,11.55 
105/11/30,46602314.00 ,11.55 ,11.65 ,11.45 ,11.45 
105/12/01,40053273.00 ,11.55 ,11.65 ,11.45 ,11.45 
105/12/02,39503651.00 ,11.40 ,11.40 ,11.30 ,11.35 
105/12/05,31634127.00 ,11.35 ,11.60 ,11.35 ,11.55 
105/12/06,27074762.00 ,11.55 ,11.60 ,11.45 ,11.50 
105/12/07,56303627.00 ,11.55 ,11.80 ,11.50 ,11.80 
105/12/08,93766484.00 ,11.95 ,12.05 ,11.90 ,12.00 
105/12/09,34045347.00 ,11.95 ,12.00 ,11.80 ,11.90 
105/12/12,28915188.00 ,11.85 ,11.95 ,11.70 ,11.75 
105/12/13,61870474.00 ,11.70 ,11.95 ,11.70 ,11.75 
105/12/14,26910474.00 ,11.80 ,11.90 ,11.70 ,11.70 
105/12/15,34853384.00 ,11.70 ,11.90 ,11.65 ,11.90 
105/12/16,43903432.00 ,11.95 ,12.00 ,11.85 ,11.90 
105/12/19,23896989.00 ,11.90 ,11.90 ,11.70 ,11.75 
105/12/20,36584293.00 ,11.80 ,11.95 ,11.80 ,11.85 
105/12/21,103849279.00 ,11.95 ,12.20 ,11.95 ,12.10 
105/12/22,41043544.00 ,12.15 ,12.20 ,12.05 ,12.05 
105/12/23,45832419.00 ,12.15 ,12.30 ,12.00 ,12.00 
105/12/26,16933782.00 ,12.10 ,12.10 ,11.90 ,11.90 
105/12/27,18163813.00 ,11.95 ,12.00 ,11.80 ,11.85 
105/12/28,28779086.00 ,11.85 ,11.95 ,11.80 ,11.90 
105/12/29,24576943.00 ,11.85 ,11.90 ,11.75 ,11.75 
105/12/30,25121671.00 ,11.80 ,11.85 ,11.70 ,11.80 
106/01/03,54852394.00 ,11.80 ,12.10 ,11.75 ,12.00 
106/01/04,43268134.00 ,12.05 ,12.10 ,11.90 ,11.95 
106/01/05,102730401.00 ,11.95 ,12.25 ,11.85 ,12.25 
106/01/06,109319966.00 ,12.40 ,12.60 ,12.40 ,12.55 
106/01/09,123685639.00 ,12.85 ,13.10 ,12.70 ,12.85 
106/01/10,70718586.00 ,12.90 ,13.00 ,12.70 ,12.80 
106/01/11,51174553.00 ,12.90 ,12.95 ,12.70 ,12.80 
106/01/12,80668580.00 ,12.80 ,13.05 ,12.80 ,12.90 
106/01/13,83336377.00 ,12.90 ,13.10 ,12.85 ,13.05 
106/01/16,60736954.00 ,13.00 ,13.10 ,12.80 ,12.85 
106/01/17,27111570.00 ,12.85 ,12.90 ,12.80 ,12.85 
106/01/18,73169516.00 ,12.85 ,13.10 ,12.80 ,12.95 
106/01/19,42763644.00 ,12.95 ,13.00 ,12.85 ,12.85 
106/01/20,43817336.00 ,12.85 ,12.90 ,12.75 ,12.80 
106/01/23,40196970.00 ,12.90 ,12.90 ,12.70 ,12.85 
106/01/24,61408325.00 ,12.80 ,12.90 ,12.75 ,12.90 
106/02/02,182658832.00 ,13.10 ,13.65 ,13.00 ,13.40 
106/02/03,75533615.00 ,13.45 ,13.50 ,13.10 ,13.15 
106/02/06,67226971.00 ,13.25 ,13.40 ,13.05 ,13.20 
106/02/07,87449547.00 ,13.15 ,13.20 ,12.90 ,12.90 
106/02/08,149817549.00 ,12.85 ,12.85 ,12.35 ,12.40 
106/02/09,106677128.00 ,12.35 ,12.60 ,12.15 ,12.60 
106/02/10,78116843.00 ,12.65 ,12.70 ,12.30 ,12.35 
106/02/13,161934730.00 ,12.45 ,12.50 ,11.40 ,11.90 
106/02/14,102471531.00 ,11.70 ,12.05 ,11.70 ,11.80 
106/02/15,165212985.00 ,11.80 ,12.20 ,11.80 ,12.00 
106/02/16,65318957.00 ,12.15 ,12.15 ,11.80 ,11.85 
106/02/17,66742742.00 ,11.90 ,12.00 ,11.80 ,11.95 
106/02/18,21743609.00 ,11.95 ,12.00 ,11.85 ,11.90 
106/02/20,57752477.00 ,11.85 ,11.95 ,11.70 ,11.75 
106/02/21,59001969.00 ,11.80 ,11.95 ,11.75 ,11.85 
106/02/22,145765507.00 ,12.10 ,12.40 ,12.05 ,12.20 
106/02/23,75497830.00 ,12.25 ,12.30 ,12.10 ,12.20 
106/02/24,44534911.00 ,12.25 ,12.25 ,12.00 ,12.20 
106/03/01,64397909.00 ,12.15 ,12.20 ,11.90 ,11.90 
106/03/02,52530939.00 ,12.00 ,12.10 ,11.95 ,11.95 
106/03/03,46635812.00 ,11.95 ,12.00 ,11.75 ,11.90 
106/03/06,49180240.00 ,11.95 ,12.10 ,11.90 ,12.05 
106/03/07,48772911.00 ,12.05 ,12.10 ,11.95 ,12.05 
106/03/08,85845862.00 ,12.00 ,12.20 ,12.00 ,12.20 
106/03/09,56592412.00 ,12.30 ,12.30 ,12.05 ,12.10 
106/03/10,57242101.00 ,12.05 ,12.05 ,11.90 ,11.90 
106/03/13,31856385.00 ,11.85 ,11.95 ,11.85 ,11.85 
106/03/14,47083640.00 ,11.95 ,12.05 ,11.90 ,11.95 
106/03/15,40267138.00 ,12.05 ,12.10 ,11.90 ,11.95 
106/03/16,62734905.00 ,12.05 ,12.15 ,12.00 ,12.10 
106/03/17,47345824.00 ,12.15 ,12.20 ,12.00 ,12.10 
106/03/20,33001331.00 ,12.10 ,12.15 ,11.95 ,12.05 
106/03/21,52497839.00 ,12.05 ,12.15 ,11.95 ,11.95 
106/03/22,61298745.00 ,11.85 ,11.90 ,11.80 ,11.90 
106/03/23,62961542.00 ,12.05 ,12.15 ,11.95 ,12.00 
106/03/24,42304033.00 ,12.00 ,12.05 ,11.90 ,11.90 
106/03/27,34516452.00 ,11.90 ,12.00 ,11.85 ,11.95 
106/03/28,72944708.00 ,12.00 ,12.00 ,11.70 ,11.80 
106/03/29,123457647.00 ,11.80 ,12.10 ,11.80 ,12.05 
106/03/30,38208710.00 ,12.00 ,12.05 ,11.90 ,11.90 
106/03/31,66236351.00 ,11.90 ,12.10 ,11.85 ,11.85 
106/04/05,50914179.00 ,11.90 ,11.95 ,11.85 ,11.85 
106/04/06,66125905.00 ,11.90 ,12.05 ,11.85 ,12.05 
106/04/07,103028606.00 ,12.15 ,12.20 ,11.90 ,12.15 
106/04/10,223119660.00 ,12.20 ,12.65 ,12.20 ,12.50 
106/04/11,117394766.00 ,12.60 ,12.70 ,12.30 ,12.35 
106/04/12,158439604.00 ,12.50 ,12.90 ,12.40 ,12.80 
106/04/13,196604389.00 ,12.90 ,13.25 ,12.75 ,12.85 
106/04/14,121979253.00 ,12.80 ,13.15 ,12.75 ,12.85 
106/04/17,146658764.00 ,13.30 ,13.35 ,12.90 ,13.10 
106/04/18,81431678.00 ,13.25 ,13.25 ,13.00 ,13.00 
106/04/19,158528984.00 ,12.90 ,13.05 ,12.50 ,12.50 
106/04/20,75927003.00 ,12.55 ,12.65 ,12.35 ,12.40 
106/04/21,85625760.00 ,12.60 ,12.70 ,12.40 ,12.45 
106/04/24,70638089.00 ,12.45 ,12.50 ,12.10 ,12.25 
106/04/25,126001848.00 ,12.30 ,12.70 ,12.25 ,12.70 
106/04/26,61189478.00 ,12.80 ,12.85 ,12.55 ,12.70 
106/04/27,107870169.00 ,12.75 ,12.85 ,12.50 ,12.60 
106/04/28,202608994.00 ,12.95 ,13.00 ,12.60 ,12.60 
106/05/02,86097571.00 ,12.70 ,12.70 ,12.45 ,12.70 
106/05/03,45156333.00 ,12.65 ,12.70 ,12.55 ,12.55 
106/05/04,48925568.00 ,12.60 ,12.70 ,12.50 ,12.60 
106/05/05,58782613.00 ,12.60 ,12.65 ,12.40 ,12.40 
106/05/08,105033042.00 ,12.45 ,12.50 ,12.10 ,12.15 
106/05/09,172175491.00 ,11.65 ,11.80 ,11.55 ,11.60 
106/05/10,85316374.00 ,11.60 ,11.85 ,11.60 ,11.75 
106/05/11,118334194.00 ,11.85 ,11.85 ,11.45 ,11.45 
106/05/12,51332828.00 ,11.45 ,11.60 ,11.40 ,11.50 
106/05/15,38493254.00 ,11.60 ,11.65 ,11.55 ,11.60 
106/05/16,67227190.00 ,11.65 ,11.80 ,11.60 ,11.75 
106/05/17,59941957.00 ,11.80 ,11.85 ,11.65 ,11.75 
106/05/18,41364972.00 ,11.60 ,11.70 ,11.55 ,11.60 
106/05/19,125984830.00 ,11.75 ,12.00 ,11.75 ,11.90 
106/05/22,54759896.00 ,11.95 ,11.95 ,11.75 ,11.75 
106/05/23,43370948.00 ,11.80 ,11.95 ,11.80 ,11.90 
106/05/24,34399098.00 ,11.95 ,12.00 ,11.85 ,11.90 
106/05/25,43985286.00 ,11.95 ,11.95 ,11.85 ,11.90 
106/05/26,59721597.00 ,11.90 ,11.90 ,11.75 ,11.75 
106/05/31,45985616.00 ,11.80 ,11.85 ,11.75 ,11.75 
106/06/01,31020227.00 ,11.80 ,11.85 ,11.75 ,11.80 
106/06/02,29194575.00 ,11.85 ,11.90 ,11.80 ,11.85 
106/06/03,15235277.00 ,11.85 ,11.85 ,11.75 ,11.85 
106/06/05,84788049.00 ,11.85 ,12.05 ,11.80 ,12.00 
106/06/06,108534334.00 ,12.05 ,12.25 ,12.05 ,12.25 
106/06/07,177534642.00 ,12.35 ,12.65 ,12.35 ,12.55 
106/06/08,88498289.00 ,12.65 ,12.65 ,12.40 ,12.40 
106/06/09,76523201.00 ,12.40 ,12.50 ,12.15 ,12.15 
106/06/12,41240558.00 ,12.05 ,12.20 ,12.00 ,12.20 
106/06/13,29146122.00 ,12.15 ,12.25 ,12.15 ,12.15 
106/06/14,62681892.00 ,12.25 ,12.25 ,11.90 ,12.05 
106/06/15,71917419.00 ,12.15 ,12.35 ,12.00 ,12.35 
106/06/16,136289230.00 ,12.40 ,12.55 ,12.35 ,12.55 
106/06/19,61730490.00 ,12.55 ,12.60 ,12.45 ,12.45 
106/06/20,78985506.00 ,12.50 ,12.65 ,12.45 ,12.50 
106/06/21,142333969.00 ,12.45 ,12.80 ,12.40 ,12.75 
106/06/22,94122615.00 ,12.80 ,12.90 ,12.70 ,12.70 
106/06/23,154618686.00 ,12.80 ,13.00 ,12.75 ,12.85 
106/06/26,164389838.00 ,13.00 ,13.20 ,13.00 ,13.15 
106/06/27,225930566.00 ,13.40 ,13.60 ,13.20 ,13.40 
106/06/28,301833606.00 ,14.40 ,14.40 ,13.80 ,13.95 
106/06/29,148279874.00 ,14.20 ,14.20 ,13.70 ,13.75 
106/06/30,181860768.00 ,13.65 ,13.90 ,13.60 ,13.90 
106/07/03,151328438.00 ,13.45 ,13.60 ,13.35 ,13.55 
106/07/04,128561757.00 ,13.55 ,13.65 ,13.10 ,13.15 
106/07/05,75016560.00 ,13.25 ,13.30 ,13.05 ,13.25 
106/07/06,94658627.00 ,13.20 ,13.30 ,13.05 ,13.15 
106/07/07,136903963.00 ,12.95 ,13.05 ,12.80 ,12.80 
106/07/10,90902920.00 ,12.85 ,12.90 ,12.70 ,12.75 
106/07/11,110333560.00 ,12.85 ,13.10 ,12.85 ,13.05 
106/07/12,86956752.00 ,13.10 ,13.15 ,12.90 ,12.90 
106/07/13,151586026.00 ,12.80 ,12.80 ,12.55 ,12.55 
106/07/14,79045565.00 ,12.50 ,12.70 ,12.45 ,12.50 
106/07/17,84612060.00 ,12.65 ,12.65 ,12.30 ,12.35 
106/07/18,96074906.00 ,12.40 ,12.70 ,12.35 ,12.65 
106/07/19,100799286.00 ,12.70 ,12.80 ,12.55 ,12.55 
106/07/20,130451485.00 ,12.30 ,12.40 ,12.20 ,12.20 
106/07/21,163639368.00 ,12.10 ,12.25 ,11.95 ,12.20 
106/07/24,70988229.00 ,12.20 ,12.30 ,12.05 ,12.15 
106/07/25,70076800.00 ,12.15 ,12.30 ,12.05 ,12.25 
106/07/26,75921467.00 ,12.25 ,12.30 ,12.05 ,12.10 
106/07/27,120973375.00 ,12.30 ,12.40 ,12.20 ,12.25 
106/07/28,77926653.00 ,12.20 ,12.20 ,12.05 ,12.10 
106/07/31,49717528.00 ,12.15 ,12.25 ,12.05 ,12.20 
106/08/01,51161674.00 ,12.25 ,12.30 ,12.20 ,12.25 
106/08/02,74273015.00 ,12.15 ,12.20 ,12.05 ,12.10 
106/08/03,54966545.00 ,12.10 ,12.15 ,12.05 ,12.10 
106/08/04,78078831.00 ,12.05 ,12.30 ,12.00 ,12.20 
106/08/07,70691740.00 ,12.10 ,12.20 ,12.05 ,12.05 
106/08/08,70825350.00 ,12.10 ,12.10 ,12.00 ,12.00 
106/08/09,107378569.00 ,12.00 ,12.05 ,11.80 ,11.80 
106/08/10,77364239.00 ,11.80 ,11.95 ,11.70 ,11.70 
106/08/11,120913742.00 ,11.70 ,12.00 ,11.70 ,12.00 
106/08/14,59040806.00 ,12.00 ,12.05 ,11.80 ,11.80 
106/08/15,84180714.00 ,11.95 ,12.05 ,11.90 ,11.90 
106/08/16,89977746.00 ,11.75 ,11.80 ,11.60 ,11.70 
106/08/17,108682696.00 ,11.75 ,12.00 ,11.75 ,11.95 
106/08/18,38122810.00 ,11.85 ,11.90 ,11.75 ,11.80 
106/08/21,81250483.00 ,11.85 ,12.05 ,11.80 ,12.00 
106/08/22,146249170.00 ,12.15 ,12.30 ,12.15 ,12.30 
106/08/23,86434009.00 ,12.35 ,12.35 ,12.10 ,12.10 
106/08/24,68811284.00 ,12.10 ,12.20 ,12.05 ,12.10 
106/08/25,72905278.00 ,12.15 ,12.20 ,12.05 ,12.15 
106/08/28,160021413.00 ,12.25 ,12.45 ,12.25 ,12.35 
106/08/29,55593494.00 ,12.35 ,12.40 ,12.20 ,12.25 
106/08/30,94712907.00 ,12.25 ,12.40 ,12.20 ,12.35 
106/08/31,79196062.00 ,12.40 ,12.45 ,12.30 ,12.40 
106/09/01,59062643.00 ,12.40 ,12.45 ,12.30 ,12.40 
106/09/04,54783446.00 ,12.35 ,12.40 ,12.20 ,12.25 
106/09/05,119143724.00 ,12.30 ,12.55 ,12.30 ,12.55 
106/09/06,98846922.00 ,12.40 ,12.45 ,12.20 ,12.25 
106/09/07,77117553.00 ,12.35 ,12.40 ,12.20 ,12.20 
106/09/08,71286307.00 ,12.30 ,12.45 ,12.30 ,12.35 
106/09/11,45898245.00 ,12.40 ,12.40 ,12.25 ,12.30 
106/09/12,54233705.00 ,12.35 ,12.40 ,12.25 ,12.30 
106/09/13,58721151.00 ,12.35 ,12.45 ,12.25 ,12.40 
106/09/14,33871863.00 ,12.45 ,12.45 ,12.35 ,12.40 
106/09/15,56929884.00 ,12.45 ,12.45 ,12.35 ,12.45 
106/09/18,304425201.00 ,12.60 ,13.10 ,12.60 ,13.05 
106/09/19,232362168.00 ,13.10 ,13.15 ,12.60 ,12.60 
106/09/20,135909896.00 ,12.60 ,12.80 ,12.50 ,12.70 
106/09/21,73626081.00 ,12.75 ,12.80 ,12.60 ,12.65 
106/09/22,89682587.00 ,12.65 ,12.75 ,12.45 ,12.45 
106/09/25,54066776.00 ,12.50 ,12.55 ,12.30 ,12.30 
106/09/26,69803523.00 ,12.25 ,12.40 ,12.10 ,12.15 
106/09/27,53994147.00 ,12.25 ,12.40 ,12.20 ,12.20 
106/09/28,72377440.00 ,12.30 ,12.30 ,12.05 ,12.05 
106/09/29,94369624.00 ,12.05 ,12.20 ,11.95 ,12.15 
106/09/30,21098271.00 ,12.20 ,12.25 ,12.15 ,12.15 
106/10/02,24939657.00 ,12.20 ,12.25 ,12.15 ,12.15 
106/10/03,30933371.00 ,12.15 ,12.25 ,12.15 ,12.15 
106/10/05,58187301.00 ,12.25 ,12.40 ,12.20 ,12.35 
106/10/06,37206878.00 ,12.35 ,12.45 ,12.25 ,12.35 
106/10/11,67337095.00 ,12.05 ,12.25 ,12.05 ,12.20 
106/10/12,44860725.00 ,12.20 ,12.25 ,12.10 ,12.10 
106/10/13,44051608.00 ,12.15 ,12.30 ,12.15 ,12.20 
106/10/16,52616976.00 ,12.30 ,12.40 ,12.25 ,12.30 
106/10/17,28393154.00 ,12.35 ,12.35 ,12.20 ,12.25 
106/10/18,33429712.00 ,12.30 ,12.35 ,12.20 ,12.25 
106/10/19,158301677.00 ,12.35 ,12.65 ,12.30 ,12.55 
106/10/20,82157578.00 ,12.45 ,12.60 ,12.40 ,12.60 
106/10/23,84018311.00 ,12.50 ,12.60 ,12.35 ,12.35 
106/10/24,58673612.00 ,12.30 ,12.30 ,12.20 ,12.25 
106/10/25,61257626.00 ,12.35 ,12.45 ,12.30 ,12.45 
106/10/26,113055892.00 ,12.60 ,12.70 ,12.50 ,12.55 
106/10/27,126309723.00 ,12.50 ,12.55 ,12.35 ,12.35 
106/10/30,48540674.00 ,12.45 ,12.50 ,12.25 ,12.35 
106/10/31,33593641.00 ,12.35 ,12.35 ,12.25 ,12.35 
106/11/01,66345320.00 ,12.35 ,12.50 ,12.30 ,12.45 
106/11/02,61247222.00 ,12.50 ,12.55 ,12.35 ,12.35 
106/11/03,50461621.00 ,12.40 ,12.50 ,12.35 ,12.50 
106/11/06,61738671.00 ,12.55 ,12.55 ,12.40 ,12.55 
106/11/07,31454626.00 ,12.55 ,12.60 ,12.45 ,12.50 
106/11/08,62903862.00 ,12.40 ,12.45 ,12.30 ,12.40 
106/11/09,51203149.00 ,12.45 ,12.50 ,12.40 ,12.40 
106/11/10,44747344.00 ,12.40 ,12.45 ,12.30 ,12.30 
106/11/13,40074530.00 ,12.30 ,12.35 ,12.20 ,12.20 
106/11/14,53615900.00 ,12.25 ,12.35 ,12.20 ,12.25 
106/11/15,34084769.00 ,12.30 ,12.35 ,12.25 ,12.25 
106/11/16,84443872.00 ,12.40 ,12.55 ,12.30 ,12.40 
106/11/17,60037889.00 ,12.60 ,12.60 ,12.40 ,12.45 
106/11/20,101742575.00 ,12.55 ,12.65 ,12.55 ,12.65 
106/11/21,68468171.00 ,12.70 ,12.75 ,12.60 ,12.70 
106/11/22,243130775.00 ,12.80 ,13.05 ,12.80 ,12.90 
106/11/23,113056902.00 ,13.00 ,13.05 ,12.80 ,12.95 
106/11/24,239463149.00 ,13.00 ,13.45 ,12.95 ,13.30 
106/11/27,127724982.00 ,13.40 ,13.45 ,13.05 ,13.05 
106/11/28,102446499.00 ,13.10 ,13.30 ,13.05 ,13.15 
106/11/29,122192308.00 ,13.25 ,13.35 ,12.95 ,13.05 
106/11/30,118821137.00 ,12.80 ,12.90 ,12.70 ,12.75 
106/12/01,72278474.00 ,12.80 ,12.80 ,12.55 ,12.55 
106/12/04,147779525.00 ,12.55 ,12.75 ,12.45 ,12.55 
106/12/05,65506392.00 ,12.55 ,12.70 ,12.50 ,12.60 
106/12/06,72632312.00 ,12.70 ,12.80 ,12.50 ,12.60 
106/12/07,77439682.00 ,12.60 ,12.65 ,12.35 ,12.40 
106/12/08,61495480.00 ,12.50 ,12.50 ,12.30 ,12.50 
106/12/11,78671183.00 ,12.55 ,12.80 ,12.50 ,12.70 
106/12/12,36190046.00 ,12.70 ,12.75 ,12.50 ,12.55 
106/12/13,35906458.00 ,12.50 ,12.65 ,12.45 ,12.60 
106/12/14,30111576.00 ,12.60 ,12.65 ,12.55 ,12.60 
106/12/15,47711713.00 ,12.60 ,12.60 ,12.40 ,12.60 
106/12/18,18894803.00 ,12.55 ,12.60 ,12.45 ,12.50 
106/12/19,34604124.00 ,12.50 ,12.50 ,12.35 ,12.35 
106/12/20,44613112.00 ,12.35 ,12.50 ,12.30 ,12.35 
106/12/21,24016497.00 ,12.35 ,12.40 ,12.30 ,12.30 
106/12/22,18937523.00 ,12.40 ,12.45 ,12.35 ,12.45 
106/12/25,17142906.00 ,12.50 ,12.50 ,12.40 ,12.45 
106/12/26,25150833.00 ,12.45 ,12.50 ,12.30 ,12.35 
106/12/27,25684024.00 ,12.35 ,12.40 ,12.30 ,12.35 
106/12/28,32204848.00 ,12.40 ,12.50 ,12.35 ,12.50 
106/12/29,23247063.00 ,12.55 ,12.55 ,12.40 ,12.40 
107/01/02,36296346.00 ,12.40 ,12.45 ,12.35 ,12.35 
107/01/03,40395182.00 ,12.40 ,12.55 ,12.40 ,12.45 
107/01/04,75023561.00 ,12.55 ,12.70 ,12.50 ,12.50 
107/01/05,38785738.00 ,12.55 ,12.55 ,12.40 ,12.50 
107/01/08,36358963.00 ,12.60 ,12.65 ,12.50 ,12.60 
107/01/09,55544056.00 ,12.55 ,12.55 ,12.35 ,12.35 
107/01/10,26035814.00 ,12.40 ,12.40 ,12.35 ,12.40 
107/01/11,25479277.00 ,12.40 ,12.45 ,12.35 ,12.40 
107/01/12,120797090.00 ,12.45 ,12.70 ,12.40 ,12.60 
107/01/15,74758720.00 ,12.80 ,12.85 ,12.70 ,12.75 
107/01/16,182010238.00 ,12.75 ,13.10 ,12.70 ,13.05 
107/01/17,142881621.00 ,13.15 ,13.25 ,13.05 ,13.15 
107/01/18,102375418.00 ,13.25 ,13.25 ,13.05 ,13.05 
107/01/19,91246755.00 ,13.15 ,13.20 ,13.05 ,13.20 
107/01/22,222028936.00 ,13.30 ,13.60 ,13.25 ,13.55 
107/01/23,144342428.00 ,13.60 ,13.65 ,13.15 ,13.20 
107/01/24,386404197.00 ,13.70 ,14.05 ,13.50 ,13.80 
107/01/25,283706127.00 ,14.20 ,14.35 ,14.00 ,14.05 
107/01/26,159507688.00 ,14.15 ,14.30 ,13.90 ,14.30 
107/01/29,115317941.00 ,14.40 ,14.45 ,14.20 ,14.25 
107/01/30,148078343.00 ,14.20 ,14.20 ,13.75 ,13.80 
107/01/31,142967478.00 ,13.65 ,13.90 ,13.50 ,13.90 
107/02/01,148606832.00 ,13.70 ,13.75 ,13.50 ,13.50 
107/02/02,76842518.00 ,13.35 ,13.60 ,13.35 ,13.50 
107/02/05,98149397.00 ,13.15 ,13.35 ,13.15 ,13.35 
107/02/06,218960974.00 ,13.10 ,13.15 ,12.50 ,12.80 
107/02/07,186721496.00 ,13.15 ,13.35 ,13.10 ,13.30 
107/02/08,286131531.00 ,13.25 ,13.90 ,13.20 ,13.80 
107/02/09,204615523.00 ,13.30 ,13.55 ,13.30 ,13.35 
107/02/12,110611932.00 ,13.40 ,13.45 ,13.10 ,13.10 
107/02/21,127968642.00 ,13.50 ,13.65 ,13.40 ,13.40 
107/02/22,69557150.00 ,13.30 ,13.40 ,13.25 ,13.30 
107/02/23,50831600.00 ,13.35 ,13.40 ,13.25 ,13.30 
107/02/26,47569508.00 ,13.30 ,13.35 ,13.20 ,13.25 
107/02/27,51379647.00 ,13.30 ,13.35 ,13.10 ,13.10 
